"","dyad","indv1","ind2","Estimator","Relatedness","CI2.5","CI97.5"
"1",139,"VE_27","VE_28","trioML",0,0,0.2187
"2",78,"VE_20","VE_23","trioML",0,0,0
"3",141,"VE_27","VE_30","trioML",0,0,0.1555
"4",57,"VE_18","VE_27","trioML",0,0,0
"5",120,"VE_24","VE_27","trioML",0,0,0.3188
"6",113,"VE_23","VE_28","trioML",0,0,0.2275
"7",115,"VE_23","VE_30","trioML",0,0,0
"8",62,"VE_18","VE_32","trioML",0,0,0.041
"9",91,"VE_21","VE_25","trioML",0,0,0.2479
"10",130,"VE_25","VE_30","trioML",0,0,0.2422
"11",109,"VE_23","VE_24","trioML",0,0,0.5191
"12",49,"VE_18","VE_19","trioML",0,0,0.2091
"13",114,"VE_23","VE_29","trioML",0,0,0
"14",63,"VE_19","VE_20","trioML",0.0164,0,0.4924
"15",80,"VE_20","VE_25","trioML",0,0,0.2418
"16",36,"VE_17","VE_20","trioML",0,0,0.1081
"17",24,"VE_16","VE_23","trioML",0,0,0
"18",53,"VE_18","VE_23","trioML",0.0901,0,0.6486
"19",146,"VE_28","VE_31","trioML",0,0,0.0714
"20",83,"VE_20","VE_28","trioML",0,0,0.466
"21",50,"VE_18","VE_20","trioML",0,0,0.3707
"22",51,"VE_18","VE_21","trioML",0,0,0.0261
"23",19,"VE_16","VE_18","trioML",0,0,0.3806
"24",134,"VE_26","VE_28","trioML",0,0,0.1036
"25",70,"VE_19","VE_27","trioML",0,0,0.3362
"26",136,"VE_26","VE_30","trioML",0,0,0.2564
"27",103,"VE_22","VE_27","trioML",0,0,0.4938
"28",129,"VE_25","VE_29","trioML",0,0,0.282
"29",127,"VE_25","VE_27","trioML",0.0468,0,0.4512
"30",43,"VE_17","VE_27","trioML",0,0,0.3678
"31",118,"VE_24","VE_25","trioML",0,0,0.3627
"32",87,"VE_20","VE_32","trioML",0,0,0.0789
"33",126,"VE_25","VE_26","trioML",0,0,0.0979
"34",67,"VE_19","VE_24","trioML",0,0,0.4431
"35",3,"VE_15","VE_18","trioML",0,0,0.1567
"36",99,"VE_22","VE_23","trioML",0,0,0.4
"37",55,"VE_18","VE_25","trioML",0.0558,0,0.5129
"38",140,"VE_27","VE_29","trioML",0.0163,0,0.6002
"39",138,"VE_26","VE_32","trioML",0,0,0
"40",64,"VE_19","VE_21","trioML",0,0,0.4107
"41",150,"VE_29","VE_32","trioML",0,0,0
"42",59,"VE_18","VE_29","trioML",0,0,0.5
"43",73,"VE_19","VE_30","trioML",0,0,0.5
"44",79,"VE_20","VE_24","trioML",0,0,0.5
"45",72,"VE_19","VE_29","trioML",0.0167,0,0.6484
"46",5,"VE_15","VE_20","trioML",0,0,0
"47",69,"VE_19","VE_26","trioML",0,0,0.5
"48",148,"VE_29","VE_30","trioML",0,0,0.5753
"49",89,"VE_21","VE_23","trioML",0.0116,0,0.5
"50",128,"VE_25","VE_28","trioML",0.0794,0,0.586
"51",112,"VE_23","VE_27","trioML",0.004,0,0.5
"52",94,"VE_21","VE_28","trioML",0,0,0.4155
"53",29,"VE_16","VE_28","trioML",0,0,0.2733
"54",116,"VE_23","VE_31","trioML",0,0,0.0809
"55",93,"VE_21","VE_27","trioML",0,0,0.5
"56",34,"VE_17","VE_18","trioML",0,0,0.5429
"57",71,"VE_19","VE_28","trioML",0,0,0.332
"58",26,"VE_16","VE_25","trioML",0,0,0.2716
"59",46,"VE_17","VE_30","trioML",0,0,0.5
"60",152,"VE_30","VE_32","trioML",0,0,0.5
"61",39,"VE_17","VE_23","trioML",0,0,0.5
"62",84,"VE_20","VE_29","trioML",0.102,0,0.5873
"63",81,"VE_20","VE_26","trioML",0,0,0.6902
"64",27,"VE_16","VE_26","trioML",0,0,0.375
"65",65,"VE_19","VE_22","trioML",0,0,0.3683
"66",105,"VE_22","VE_29","trioML",0,0,0.6559
"67",143,"VE_27","VE_32","trioML",0,0,0.5
"68",23,"VE_16","VE_22","trioML",0,0,0.3814
"69",85,"VE_20","VE_30","trioML",0.2043,0,0.6891
"70",58,"VE_18","VE_28","trioML",0.1244,0,0.7656
"71",54,"VE_18","VE_24","trioML",0.0968,0,0.7887
"72",60,"VE_18","VE_30","trioML",0.1003,0,0.8009
"73",131,"VE_25","VE_31","trioML",0,0,0.5
"74",28,"VE_16","VE_27","trioML",0.108,0,0.5
"75",74,"VE_19","VE_31","trioML",0,0,0.3104
"76",119,"VE_24","VE_26","trioML",0,0,0.3486
"77",111,"VE_23","VE_26","trioML",0.0641,0,0.502
"78",10,"VE_15","VE_25","trioML",0.0606,0,0.5
"79",144,"VE_28","VE_29","trioML",0,0,0.6
"80",38,"VE_17","VE_22","trioML",0,0,0.5
"81",82,"VE_20","VE_27","trioML",0.2456,0,0.6865
"82",125,"VE_24","VE_32","trioML",0,0,0.5
"83",61,"VE_18","VE_31","trioML",0,0,0.5
"84",101,"VE_22","VE_25","trioML",0.0311,0,0.556
"85",102,"VE_22","VE_26","trioML",0,0,0.4093
"86",35,"VE_17","VE_19","trioML",0.029,0,0.6251
"87",133,"VE_26","VE_27","trioML",0.1614,0,0.7045
"88",4,"VE_15","VE_19","trioML",0,0,0
"89",66,"VE_19","VE_23","trioML",0,0,0.5
"90",149,"VE_29","VE_31","trioML",0,0,0.5
"91",137,"VE_26","VE_31","trioML",0,0,0.6263
"92",88,"VE_21","VE_22","trioML",0,0,0.1778
"93",153,"VE_31","VE_32","trioML",0,0,0
"94",44,"VE_17","VE_28","trioML",0,0,0.6165
"95",90,"VE_21","VE_24","trioML",0,0,0.5
"96",31,"VE_16","VE_30","trioML",0.0359,0,0.7058
"97",123,"VE_24","VE_30","trioML",0.1932,0,0.7683
"98",76,"VE_20","VE_21","trioML",0.1296,0,0.524
"99",20,"VE_16","VE_19","trioML",0.0699,0,0.7136
"100",8,"VE_15","VE_23","trioML",0.1324,0,0.6841
"101",33,"VE_16","VE_32","trioML",0,0,0.041
"102",75,"VE_19","VE_32","trioML",0,0,0.1122
"103",147,"VE_28","VE_32","trioML",0.1812,0,0.5777
"104",95,"VE_21","VE_29","trioML",0,0,0.6948
"105",41,"VE_17","VE_25","trioML",0.0313,0,0.8356
"106",107,"VE_22","VE_31","trioML",0,0,0.5
"107",1,"VE_15","VE_16","trioML",0,0,0.095
"108",12,"VE_15","VE_27","trioML",0.2588,0,0.5
"109",77,"VE_20","VE_22","trioML",0.05,0,0.5
"110",37,"VE_17","VE_21","trioML",0,0,0.5617
"111",142,"VE_27","VE_31","trioML",0.2693,0,0.6214
"112",56,"VE_18","VE_26","trioML",0.1784,0,0.6611
"113",124,"VE_24","VE_31","trioML",0.0256,0,0.6436
"114",92,"VE_21","VE_26","trioML",0,0,0.5
"115",13,"VE_15","VE_28","trioML",0.0679,0,0.5
"116",100,"VE_22","VE_24","trioML",0.1504,0,0.8126
"117",22,"VE_16","VE_21","trioML",0,0,0.4868
"118",117,"VE_23","VE_32","trioML",0.2773,0,0.7204
"119",47,"VE_17","VE_31","trioML",0,0,0.6071
"120",15,"VE_15","VE_30","trioML",0,0,0.5
"121",132,"VE_25","VE_32","trioML",0.2514,0.0379,0.844
"122",42,"VE_17","VE_26","trioML",0.1165,0,0.5
"123",108,"VE_22","VE_32","trioML",0.1528,0,0.8333
"124",48,"VE_17","VE_32","trioML",0,0,0.5
"125",145,"VE_28","VE_30","trioML",0.1875,0,0.763
"126",11,"VE_15","VE_26","trioML",0,0,0.5
"127",7,"VE_15","VE_22","trioML",0,0,0.5
"128",14,"VE_15","VE_29","trioML",0,0,0.5302
"129",121,"VE_24","VE_28","trioML",0.3456,0,0.8256
"130",98,"VE_21","VE_32","trioML",0.0588,0,0.6519
"131",110,"VE_23","VE_25","trioML",0.3681,0.0297,0.6412
"132",52,"VE_18","VE_22","trioML",0.3308,0.1139,0.7977
"133",151,"VE_30","VE_31","trioML",0.3053,0,0.8187
"134",30,"VE_16","VE_29","trioML",0.2708,0,0.6564
"135",86,"VE_20","VE_31","trioML",0.4012,0.1223,0.7875
"136",9,"VE_15","VE_24","trioML",0,0,0.5126
"137",68,"VE_19","VE_25","trioML",0.1374,0,0.6831
"138",106,"VE_22","VE_30","trioML",0.5,0,0.8059
"139",25,"VE_16","VE_24","trioML",0.4175,0,0.7202
"140",21,"VE_16","VE_20","trioML",0.5,0.4275,0.7288
"141",32,"VE_16","VE_31","trioML",0.4051,0,0.6437
"142",2,"VE_15","VE_17","trioML",0.1246,0,0.6568
"143",16,"VE_15","VE_31","trioML",0.0013,0,0.6231
"144",122,"VE_24","VE_29","trioML",0.3418,0,0.6812
"145",18,"VE_16","VE_17","trioML",0.2785,0,0.694
"146",40,"VE_17","VE_24","trioML",0.5,0,0.8295
"147",6,"VE_15","VE_21","trioML",0.1711,0,0.7767
"148",96,"VE_21","VE_30","trioML",0.5,0,0.867
"149",135,"VE_26","VE_29","trioML",0.5,0.5,0.8639
"150",17,"VE_15","VE_32","trioML",0.3855,0.1479,0.9679
"151",97,"VE_21","VE_31","trioML",0.3047,0,0.8321
"152",45,"VE_17","VE_29","trioML",0.41,0.0513,0.9014
"153",104,"VE_22","VE_28","trioML",0.5234,0.5,1
"154",139,"VE_27","VE_28","wang",-0.9209,-2.2116,0.06
"155",78,"VE_20","VE_23","wang",-0.8825,-1.7504,-0.076
"156",141,"VE_27","VE_30","wang",-0.8346,-1.4785,0.035
"157",57,"VE_18","VE_27","wang",-0.7616,-1.7114,-0.03
"158",120,"VE_24","VE_27","wang",-0.7371,-1.4818,0.2093
"159",113,"VE_23","VE_28","wang",-0.6884,-1.5651,0.143
"160",115,"VE_23","VE_30","wang",-0.6732,-1.4537,0.1842
"161",62,"VE_18","VE_32","wang",-0.6327,-1.3944,0.0994
"162",91,"VE_21","VE_25","wang",-0.5754,-1.2573,0.2577
"163",130,"VE_25","VE_30","wang",-0.5647,-1.3139,0.5904
"164",109,"VE_23","VE_24","wang",-0.548,-1.3523,0.7092
"165",49,"VE_18","VE_19","wang",-0.5235,-1.4213,0.2314
"166",114,"VE_23","VE_29","wang",-0.5133,-1.2434,0.1101
"167",63,"VE_19","VE_20","wang",-0.5053,-1.4181,0.3143
"168",80,"VE_20","VE_25","wang",-0.4715,-1.2446,0.1172
"169",36,"VE_17","VE_20","wang",-0.4597,-1.1838,0.2778
"170",24,"VE_16","VE_23","wang",-0.4369,-1.0877,0.2427
"171",53,"VE_18","VE_23","wang",-0.4248,-1.6418,0.8492
"172",146,"VE_28","VE_31","wang",-0.4087,-1.1818,0.2931
"173",83,"VE_20","VE_28","wang",-0.399,-1.0932,0.2962
"174",50,"VE_18","VE_20","wang",-0.3946,-1.2699,0.3468
"175",51,"VE_18","VE_21","wang",-0.3857,-1.3729,0.2194
"176",19,"VE_16","VE_18","wang",-0.3689,-0.9599,0.4638
"177",134,"VE_26","VE_28","wang",-0.3663,-1.1572,0.3236
"178",70,"VE_19","VE_27","wang",-0.3622,-1.1545,0.2936
"179",136,"VE_26","VE_30","wang",-0.3541,-1.225,0.2986
"180",103,"VE_22","VE_27","wang",-0.3537,-1.486,0.448
"181",129,"VE_25","VE_29","wang",-0.3537,-0.9908,0.3539
"182",127,"VE_25","VE_27","wang",-0.3525,-1.0882,0.4307
"183",43,"VE_17","VE_27","wang",-0.3521,-0.9923,0.358
"184",118,"VE_24","VE_25","wang",-0.3501,-1.2696,0.3896
"185",87,"VE_20","VE_32","wang",-0.3416,-0.8475,0.0369
"186",126,"VE_25","VE_26","wang",-0.3416,-0.8955,0.0523
"187",67,"VE_19","VE_24","wang",-0.34,-1.0379,0.4103
"188",3,"VE_15","VE_18","wang",-0.301,-0.9151,0.4304
"189",99,"VE_22","VE_23","wang",-0.2916,-1.182,0.4394
"190",55,"VE_18","VE_25","wang",-0.2712,-1.0846,0.5061
"191",140,"VE_27","VE_29","wang",-0.2603,-1.1439,0.5238
"192",138,"VE_26","VE_32","wang",-0.2569,-0.711,0.2161
"193",64,"VE_19","VE_21","wang",-0.2532,-1.0857,0.3942
"194",150,"VE_29","VE_32","wang",-0.2516,-0.8214,0.2034
"195",59,"VE_18","VE_29","wang",-0.2478,-1.2961,0.565
"196",73,"VE_19","VE_30","wang",-0.2425,-0.9849,0.5093
"197",79,"VE_20","VE_24","wang",-0.2389,-1.2078,0.5218
"198",72,"VE_19","VE_29","wang",-0.2355,-0.9388,0.5722
"199",5,"VE_15","VE_20","wang",-0.2291,-0.8924,0.2109
"200",69,"VE_19","VE_26","wang",-0.2235,-0.886,0.2509
"201",148,"VE_29","VE_30","wang",-0.2233,-0.887,0.668
"202",89,"VE_21","VE_23","wang",-0.2213,-0.6893,0.2576
"203",128,"VE_25","VE_28","wang",-0.2096,-0.8898,0.6136
"204",112,"VE_23","VE_27","wang",-0.1899,-0.9336,0.4594
"205",94,"VE_21","VE_28","wang",-0.1866,-0.8447,0.307
"206",29,"VE_16","VE_28","wang",-0.171,-0.8012,0.3344
"207",116,"VE_23","VE_31","wang",-0.1698,-0.9023,0.3359
"208",93,"VE_21","VE_27","wang",-0.1669,-1.0016,0.3083
"209",34,"VE_17","VE_18","wang",-0.1567,-0.9215,0.7782
"210",71,"VE_19","VE_28","wang",-0.1562,-0.6776,0.3329
"211",26,"VE_16","VE_25","wang",-0.1357,-0.5794,0.3763
"212",46,"VE_17","VE_30","wang",-0.1322,-0.9476,0.5806
"213",152,"VE_30","VE_32","wang",-0.1227,-0.6556,0.4047
"214",39,"VE_17","VE_23","wang",-0.1206,-0.6252,0.4233
"215",84,"VE_20","VE_29","wang",-0.113,-0.9372,0.7412
"216",81,"VE_20","VE_26","wang",-0.1097,-0.7661,0.7658
"217",27,"VE_16","VE_26","wang",-0.1074,-1.0054,0.3891
"218",65,"VE_19","VE_22","wang",-0.1067,-0.7797,0.381
"219",105,"VE_22","VE_29","wang",-0.1056,-0.6378,0.797
"220",143,"VE_27","VE_32","wang",-0.0999,-0.9409,0.4129
"221",23,"VE_16","VE_22","wang",-0.0862,-0.7528,0.3838
"222",85,"VE_20","VE_30","wang",-0.0858,-0.9264,0.7397
"223",58,"VE_18","VE_28","wang",-0.0794,-0.8595,0.8046
"224",54,"VE_18","VE_24","wang",-0.0672,-0.879,0.8006
"225",60,"VE_18","VE_30","wang",-0.0672,-0.8536,0.8625
"226",131,"VE_25","VE_31","wang",-0.0613,-0.6613,0.534
"227",28,"VE_16","VE_27","wang",-0.0566,-0.8193,0.4156
"228",74,"VE_19","VE_31","wang",-0.0512,-0.7039,0.5228
"229",119,"VE_24","VE_26","wang",-0.042,-0.8862,0.4705
"230",111,"VE_23","VE_26","wang",-0.0264,-0.65,0.5315
"231",10,"VE_15","VE_25","wang",-0.0253,-0.6854,0.5034
"232",144,"VE_28","VE_29","wang",-0.0209,-0.6007,0.6179
"233",38,"VE_17","VE_22","wang",-0.0146,-0.6906,0.5248
"234",82,"VE_20","VE_27","wang",-0.0045,-0.7761,0.5715
"235",125,"VE_24","VE_32","wang",0.0025,-0.5968,0.4744
"236",61,"VE_18","VE_31","wang",0.0164,-0.7027,0.5006
"237",101,"VE_22","VE_25","wang",0.0177,-0.7749,0.6107
"238",102,"VE_22","VE_26","wang",0.0305,-0.9402,0.5565
"239",35,"VE_17","VE_19","wang",0.039,-0.6246,0.7118
"240",133,"VE_26","VE_27","wang",0.039,-0.5936,0.7479
"241",4,"VE_15","VE_19","wang",0.0404,-0.1769,0.2366
"242",66,"VE_19","VE_23","wang",0.0511,-0.1589,0.2593
"243",149,"VE_29","VE_31","wang",0.0617,-0.9852,0.5476
"244",137,"VE_26","VE_31","wang",0.065,-0.8899,0.6765
"245",88,"VE_21","VE_22","wang",0.0686,-0.124,0.3148
"246",153,"VE_31","VE_32","wang",0.0686,-0.1615,0.2792
"247",44,"VE_17","VE_28","wang",0.0702,-0.8037,0.6717
"248",90,"VE_21","VE_24","wang",0.0821,-0.6072,0.5634
"249",31,"VE_16","VE_30","wang",0.0825,-0.6339,0.7327
"250",123,"VE_24","VE_30","wang",0.0886,-1.1271,0.73
"251",76,"VE_20","VE_21","wang",0.1092,-0.6905,0.6571
"252",20,"VE_16","VE_19","wang",0.1107,-0.501,0.7427
"253",8,"VE_15","VE_23","wang",0.117,-0.5693,0.756
"254",33,"VE_16","VE_32","wang",0.1359,-0.1231,0.449
"255",75,"VE_19","VE_32","wang",0.1411,-0.1124,0.4219
"256",147,"VE_28","VE_32","wang",0.143,-0.5094,0.6614
"257",95,"VE_21","VE_29","wang",0.1517,-0.5889,0.7177
"258",41,"VE_17","VE_25","wang",0.1572,-0.5548,1
"259",107,"VE_22","VE_31","wang",0.1586,-0.0516,0.4464
"260",1,"VE_15","VE_16","wang",0.163,-0.2111,0.4138
"261",12,"VE_15","VE_27","wang",0.1657,-0.1261,0.4509
"262",77,"VE_20","VE_22","wang",0.1682,-0.0996,0.4751
"263",37,"VE_17","VE_21","wang",0.1691,-0.6065,0.6322
"264",142,"VE_27","VE_31","wang",0.1693,-0.1498,0.6241
"265",56,"VE_18","VE_26","wang",0.171,-0.6355,0.6632
"266",124,"VE_24","VE_31","wang",0.1721,-0.852,0.66
"267",92,"VE_21","VE_26","wang",0.1916,-0.0842,0.4764
"268",13,"VE_15","VE_28","wang",0.1938,-0.0148,0.4627
"269",100,"VE_22","VE_24","wang",0.2003,-0.5398,0.901
"270",22,"VE_16","VE_21","wang",0.2039,-0.16,0.5033
"271",117,"VE_23","VE_32","wang",0.2051,-0.4795,0.8597
"272",47,"VE_17","VE_31","wang",0.207,-0.5793,0.7874
"273",15,"VE_15","VE_30","wang",0.209,-0.0728,0.4717
"274",132,"VE_25","VE_32","wang",0.2159,-0.2753,0.8695
"275",42,"VE_17","VE_26","wang",0.2191,-0.0703,0.508
"276",108,"VE_22","VE_32","wang",0.2277,-0.5182,0.8695
"277",48,"VE_17","VE_32","wang",0.2593,0.059,0.5507
"278",145,"VE_28","VE_30","wang",0.2661,-0.6642,0.7561
"279",11,"VE_15","VE_26","wang",0.2763,-0.0085,0.5784
"280",7,"VE_15","VE_22","wang",0.2786,-0.0135,0.6445
"281",14,"VE_15","VE_29","wang",0.2816,-0.0017,0.6375
"282",121,"VE_24","VE_28","wang",0.285,-0.5549,0.8755
"283",98,"VE_21","VE_32","wang",0.2927,-0.0686,0.781
"284",110,"VE_23","VE_25","wang",0.3135,-0.0623,0.6891
"285",52,"VE_18","VE_22","wang",0.3175,-0.2181,0.8568
"286",151,"VE_30","VE_31","wang",0.3252,-0.2814,0.8917
"287",30,"VE_16","VE_29","wang",0.328,0.0118,0.7525
"288",86,"VE_20","VE_31","wang",0.3333,-0.6009,0.872
"289",9,"VE_15","VE_24","wang",0.3343,0.0501,0.6457
"290",68,"VE_19","VE_25","wang",0.3511,0.0575,0.72
"291",106,"VE_22","VE_30","wang",0.3871,0.0375,0.8547
"292",25,"VE_16","VE_24","wang",0.4035,0.0141,0.7323
"293",21,"VE_16","VE_20","wang",0.4121,0.1227,0.7788
"294",32,"VE_16","VE_31","wang",0.4218,-0.0791,0.7358
"295",2,"VE_15","VE_17","wang",0.4268,0.1139,0.7487
"296",16,"VE_15","VE_31","wang",0.4375,0.1208,0.7597
"297",122,"VE_24","VE_29","wang",0.4376,0.0667,0.7229
"298",18,"VE_16","VE_17","wang",0.4384,-0.0019,0.8207
"299",40,"VE_17","VE_24","wang",0.5286,0.1821,0.8863
"300",6,"VE_15","VE_21","wang",0.5339,0.2522,0.8088
"301",96,"VE_21","VE_30","wang",0.5473,0.2313,0.8563
"302",135,"VE_26","VE_29","wang",0.5658,0.2714,0.9008
"303",17,"VE_15","VE_32","wang",0.631,0.3177,1
"304",97,"VE_21","VE_31","wang",0.648,0.2748,1
"305",45,"VE_17","VE_29","wang",0.6533,0.2881,1
"306",104,"VE_22","VE_28","wang",0.7811,0.4789,1
"307",139,"VE_27","VE_28","lynchli",-1.0366,-2.3353,-0.2389
"308",78,"VE_20","VE_23","lynchli",-1.0366,-2.2165,-0.2844
"309",141,"VE_27","VE_30","lynchli",-0.7311,-1.4758,0.0783
"310",57,"VE_18","VE_27","lynchli",-0.7311,-1.8683,0.0769
"311",120,"VE_24","VE_27","lynchli",-0.7311,-1.7263,0.304
"312",113,"VE_23","VE_28","lynchli",-0.6293,-1.4298,0.252
"313",115,"VE_23","VE_30","lynchli",-0.7311,-1.4009,-0.1129
"314",62,"VE_18","VE_32","lynchli",-0.5275,-1.3124,0.1481
"315",91,"VE_21","VE_25","lynchli",-0.6293,-1.4119,0.2779
"316",130,"VE_25","VE_30","lynchli",-0.6293,-1.3504,0.4442
"317",109,"VE_23","VE_24","lynchli",-0.6293,-1.551,0.4876
"318",49,"VE_18","VE_19","lynchli",-0.4256,-1.4051,0.3257
"319",114,"VE_23","VE_29","lynchli",-0.5275,-1.2033,0.0639
"320",63,"VE_19","VE_20","lynchli",-0.6293,-1.5383,0.1729
"321",80,"VE_20","VE_25","lynchli",-0.6293,-1.4714,-0.0604
"322",36,"VE_17","VE_20","lynchli",-0.4256,-1.4802,0.3737
"323",24,"VE_16","VE_23","lynchli",-0.6293,-1.3088,0.0763
"324",53,"VE_18","VE_23","lynchli",-0.4256,-1.7062,0.8873
"325",146,"VE_28","VE_31","lynchli",-0.3238,-1.1278,0.4089
"326",83,"VE_20","VE_28","lynchli",-0.4256,-1.2519,0.2946
"327",50,"VE_18","VE_20","lynchli",-0.3238,-1.2993,0.4277
"328",51,"VE_18","VE_21","lynchli",-0.3238,-1.2386,0.267
"329",19,"VE_16","VE_18","lynchli",-0.222,-0.8469,0.5954
"330",134,"VE_26","VE_28","lynchli",-0.4256,-1.2472,0.2754
"331",70,"VE_19","VE_27","lynchli",-0.5275,-1.5458,0.2124
"332",136,"VE_26","VE_30","lynchli",-0.3238,-1.1702,0.3756
"333",103,"VE_22","VE_27","lynchli",-0.5275,-2.0367,0.3098
"334",129,"VE_25","VE_29","lynchli",-0.222,-0.996,0.4585
"335",127,"VE_25","VE_27","lynchli",-0.4256,-1.6557,0.4522
"336",43,"VE_17","VE_27","lynchli",-0.3238,-1.22,0.4818
"337",118,"VE_24","VE_25","lynchli",-0.3238,-1.125,0.3505
"338",87,"VE_20","VE_32","lynchli",-0.5275,-0.9902,-0.1422
"339",126,"VE_25","VE_26","lynchli",-0.222,-0.8083,0.1633
"340",67,"VE_19","VE_24","lynchli",-0.222,-0.9755,0.435
"341",3,"VE_15","VE_18","lynchli",-0.222,-1.0913,0.4281
"342",99,"VE_22","VE_23","lynchli",-0.222,-1.2166,0.5656
"343",55,"VE_18","VE_25","lynchli",-0.222,-1.0424,0.5927
"344",140,"VE_27","VE_29","lynchli",-0.222,-1.0989,0.6283
"345",138,"VE_26","VE_32","lynchli",-0.3238,-0.8198,0.3097
"346",64,"VE_19","VE_21","lynchli",-0.3238,-1.0663,0.4532
"347",150,"VE_29","VE_32","lynchli",-0.1201,-0.7163,0.3494
"348",59,"VE_18","VE_29","lynchli",-0.222,-1.2722,0.5668
"349",73,"VE_19","VE_30","lynchli",-0.222,-1.014,0.5518
"350",79,"VE_20","VE_24","lynchli",-0.222,-1.4587,0.5955
"351",72,"VE_19","VE_29","lynchli",-0.1201,-0.8207,0.6616
"352",5,"VE_15","VE_20","lynchli",-0.3238,-0.9053,0.1861
"353",69,"VE_19","VE_26","lynchli",-0.222,-0.7958,0.2408
"354",148,"VE_29","VE_30","lynchli",-0.222,-0.9982,0.7113
"355",89,"VE_21","VE_23","lynchli",-0.3238,-0.7445,0.2031
"356",128,"VE_25","VE_28","lynchli",-0.1201,-0.9848,0.6572
"357",112,"VE_23","VE_27","lynchli",-0.222,-1.3175,0.4279
"358",94,"VE_21","VE_28","lynchli",-0.1201,-0.8674,0.41
"359",29,"VE_16","VE_28","lynchli",-0.1201,-0.714,0.3912
"360",116,"VE_23","VE_31","lynchli",-0.3238,-1.3431,0.2117
"361",93,"VE_21","VE_27","lynchli",-0.1201,-0.9455,0.3897
"362",34,"VE_17","VE_18","lynchli",-0.1201,-0.8719,0.7461
"363",71,"VE_19","VE_28","lynchli",-0.1201,-0.6954,0.3396
"364",26,"VE_16","VE_25","lynchli",-0.222,-0.6424,0.271
"365",46,"VE_17","VE_30","lynchli",-0.1201,-0.9248,0.5805
"366",152,"VE_30","VE_32","lynchli",-0.1201,-0.6375,0.4329
"367",39,"VE_17","VE_23","lynchli",-0.1201,-0.5797,0.3725
"368",84,"VE_20","VE_29","lynchli",-0.1201,-1.0272,0.7624
"369",81,"VE_20","VE_26","lynchli",-0.1201,-1.0294,0.8084
"370",27,"VE_16","VE_26","lynchli",-0.0183,-1.1038,0.4582
"371",65,"VE_19","VE_22","lynchli",-0.1201,-0.6881,0.412
"372",105,"VE_22","VE_29","lynchli",-0.0183,-0.4864,0.8083
"373",143,"VE_27","VE_32","lynchli",-0.222,-1.0743,0.4352
"374",23,"VE_16","VE_22","lynchli",-0.0183,-0.6603,0.5241
"375",85,"VE_20","VE_30","lynchli",-0.0183,-0.9102,0.773
"376",58,"VE_18","VE_28","lynchli",-0.0183,-0.7491,0.7866
"377",54,"VE_18","VE_24","lynchli",-0.0183,-0.7996,0.7816
"378",60,"VE_18","VE_30","lynchli",-0.0183,-0.8925,0.8913
"379",131,"VE_25","VE_31","lynchli",-0.1201,-0.9779,0.4875
"380",28,"VE_16","VE_27","lynchli",-0.0183,-0.893,0.4774
"381",74,"VE_19","VE_31","lynchli",-0.222,-1.3253,0.4436
"382",119,"VE_24","VE_26","lynchli",-0.1201,-0.9713,0.4367
"383",111,"VE_23","VE_26","lynchli",-0.1201,-0.8727,0.5067
"384",10,"VE_15","VE_25","lynchli",0.0835,-0.5065,0.5468
"385",144,"VE_28","VE_29","lynchli",0.0835,-0.4229,0.6866
"386",38,"VE_17","VE_22","lynchli",0.0835,-0.5205,0.5644
"387",82,"VE_20","VE_27","lynchli",-0.0183,-0.7547,0.5699
"388",125,"VE_24","VE_32","lynchli",-0.0183,-0.6294,0.4922
"389",61,"VE_18","VE_31","lynchli",0.0835,-0.873,0.604
"390",101,"VE_22","VE_25","lynchli",0.0835,-0.71,0.6576
"391",102,"VE_22","VE_26","lynchli",-0.1201,-1.2876,0.5277
"392",35,"VE_17","VE_19","lynchli",0.0835,-0.5432,0.7498
"393",133,"VE_26","VE_27","lynchli",-0.0183,-0.5344,0.7424
"394",4,"VE_15","VE_19","lynchli",-0.1201,-0.3722,0.2756
"395",66,"VE_19","VE_23","lynchli",-0.1201,-0.5649,0.2467
"396",149,"VE_29","VE_31","lynchli",0.0835,-1.0175,0.6122
"397",137,"VE_26","VE_31","lynchli",0.0835,-0.9254,0.6976
"398",88,"VE_21","VE_22","lynchli",0.0835,-0.0715,0.2782
"399",153,"VE_31","VE_32","lynchli",-0.1201,-0.3071,0.1444
"400",44,"VE_17","VE_28","lynchli",0.1853,-0.6079,0.7474
"401",90,"VE_21","VE_24","lynchli",0.0835,-0.6901,0.5968
"402",31,"VE_16","VE_30","lynchli",0.1853,-0.4713,0.7781
"403",123,"VE_24","VE_30","lynchli",0.0835,-1.082,0.775
"404",76,"VE_20","VE_21","lynchli",0.0835,-0.8204,0.6105
"405",20,"VE_16","VE_19","lynchli",-0.0183,-0.5498,0.5917
"406",8,"VE_15","VE_23","lynchli",0.0835,-0.4783,0.6846
"407",33,"VE_16","VE_32","lynchli",-0.0183,-0.4796,0.4761
"408",75,"VE_19","VE_32","lynchli",-0.1201,-0.4558,0.3014
"409",147,"VE_28","VE_32","lynchli",0.1853,-0.4271,0.6795
"410",95,"VE_21","VE_29","lynchli",0.1853,-0.6388,0.7645
"411",41,"VE_17","VE_25","lynchli",0.2872,-0.36,1
"412",107,"VE_22","VE_31","lynchli",0.1853,-0.0073,0.4517
"413",1,"VE_15","VE_16","lynchli",0.1853,-0.3007,0.4713
"414",12,"VE_15","VE_27","lynchli",0.1853,-0.1102,0.5128
"415",77,"VE_20","VE_22","lynchli",0.0835,-0.2463,0.5243
"416",37,"VE_17","VE_21","lynchli",0.0835,-0.7365,0.6506
"417",142,"VE_27","VE_31","lynchli",0.2872,0.0048,0.6641
"418",56,"VE_18","VE_26","lynchli",0.1853,-0.6664,0.7254
"419",124,"VE_24","VE_31","lynchli",0.1853,-0.9383,0.724
"420",92,"VE_21","VE_26","lynchli",0.1853,-0.058,0.4741
"421",13,"VE_15","VE_28","lynchli",0.2872,0.0622,0.5317
"422",100,"VE_22","VE_24","lynchli",0.2872,-0.3663,0.8953
"423",22,"VE_16","VE_21","lynchli",0.1853,-0.1262,0.4936
"424",117,"VE_23","VE_32","lynchli",0.2872,-0.318,0.895
"425",47,"VE_17","VE_31","lynchli",0.1853,-0.6677,0.7978
"426",15,"VE_15","VE_30","lynchli",0.1853,-0.1398,0.4919
"427",132,"VE_25","VE_32","lynchli",0.2872,-0.1674,0.8838
"428",42,"VE_17","VE_26","lynchli",0.2872,0.0155,0.5587
"429",108,"VE_22","VE_32","lynchli",0.1853,-0.5061,0.7867
"430",48,"VE_17","VE_32","lynchli",0.2872,-0.0356,0.5989
"431",145,"VE_28","VE_30","lynchli",0.2872,-0.7801,0.8129
"432",11,"VE_15","VE_26","lynchli",0.1853,-0.1382,0.5635
"433",7,"VE_15","VE_22","lynchli",0.2872,0.0373,0.6445
"434",14,"VE_15","VE_29","lynchli",0.389,0.0977,0.6632
"435",121,"VE_24","VE_28","lynchli",0.389,-0.3702,0.9009
"436",98,"VE_21","VE_32","lynchli",0.1853,-0.2106,0.7496
"437",110,"VE_23","VE_25","lynchli",0.389,0.026,0.7341
"438",52,"VE_18","VE_22","lynchli",0.389,-0.2253,0.898
"439",151,"VE_30","VE_31","lynchli",0.389,-0.1462,0.8947
"440",30,"VE_16","VE_29","lynchli",0.389,0.1117,0.7811
"441",86,"VE_20","VE_31","lynchli",0.389,-0.5696,0.9003
"442",9,"VE_15","VE_24","lynchli",0.2872,-0.0336,0.6042
"443",68,"VE_19","VE_25","lynchli",0.2872,-0.221,0.7651
"444",106,"VE_22","VE_30","lynchli",0.4908,0.2021,0.8863
"445",25,"VE_16","VE_24","lynchli",0.4908,0.1307,0.7842
"446",21,"VE_16","VE_20","lynchli",0.389,0.0098,0.7904
"447",32,"VE_16","VE_31","lynchli",0.4908,0.0538,0.8021
"448",2,"VE_15","VE_17","lynchli",0.4908,0.1722,0.7855
"449",16,"VE_15","VE_31","lynchli",0.2872,-0.1251,0.7089
"450",122,"VE_24","VE_29","lynchli",0.4908,0.1354,0.7316
"451",18,"VE_16","VE_17","lynchli",0.4908,0.1214,0.8058
"452",40,"VE_17","VE_24","lynchli",0.5927,0.2852,0.8984
"453",6,"VE_15","VE_21","lynchli",0.389,-0.0686,0.7689
"454",96,"VE_21","VE_30","lynchli",0.5927,0.2409,0.8884
"455",135,"VE_26","VE_29","lynchli",0.5927,0.2966,0.8957
"456",17,"VE_15","VE_32","lynchli",0.5927,0.168,1
"457",97,"VE_21","VE_31","lynchli",0.4908,0.0398,1
"458",45,"VE_17","VE_29","lynchli",0.6945,0.3275,1
"459",104,"VE_22","VE_28","lynchli",0.7963,0.4759,1
"460",139,"VE_27","VE_28","lynchRd",-0.4517,-0.8559,-0.1155
"461",78,"VE_20","VE_23","lynchRd",-0.3762,-0.6477,-0.1807
"462",141,"VE_27","VE_30","lynchRd",-0.3858,-0.7709,0.1097
"463",57,"VE_18","VE_27","lynchRd",-0.2235,-0.8807,-2e-04
"464",120,"VE_24","VE_27","lynchRd",-0.4493,-0.8456,0.0237
"465",113,"VE_23","VE_28","lynchRd",-0.2864,-0.4995,0.0308
"466",115,"VE_23","VE_30","lynchRd",-0.354,-0.6924,-0.1669
"467",62,"VE_18","VE_32","lynchRd",-0.3311,-0.6253,-0.1378
"468",91,"VE_21","VE_25","lynchRd",-0.4831,-0.7649,-0.0143
"469",130,"VE_25","VE_30","lynchRd",-0.4143,-0.6363,0.1575
"470",109,"VE_23","VE_24","lynchRd",-0.3282,-0.6575,0.249
"471",49,"VE_18","VE_19","lynchRd",-0.1405,-0.5087,0.0586
"472",114,"VE_23","VE_29","lynchRd",-0.3365,-0.6037,-0.07
"473",63,"VE_19","VE_20","lynchRd",-0.1629,-0.4391,0.3094
"474",80,"VE_20","VE_25","lynchRd",-0.2192,-0.6598,0.1581
"475",36,"VE_17","VE_20","lynchRd",-0.4856,-0.9833,0.0288
"476",24,"VE_16","VE_23","lynchRd",-0.3996,-0.7623,-0.1937
"477",53,"VE_18","VE_23","lynchRd",-0.0622,-0.7713,0.7013
"478",146,"VE_28","VE_31","lynchRd",-0.4849,-0.8092,0.0435
"479",83,"VE_20","VE_28","lynchRd",-0.1582,-0.7133,0.3267
"480",50,"VE_18","VE_20","lynchRd",-0.111,-0.5094,0.237
"481",51,"VE_18","VE_21","lynchRd",-0.2667,-0.6917,-0.04
"482",19,"VE_16","VE_18","lynchRd",-0.2531,-0.5327,0.1761
"483",134,"VE_26","VE_28","lynchRd",-0.3433,-0.696,-0.0039
"484",70,"VE_19","VE_27","lynchRd",-0.1294,-0.4228,0.0964
"485",136,"VE_26","VE_30","lynchRd",-0.3025,-0.6535,0.0397
"486",103,"VE_22","VE_27","lynchRd",-0.3612,-1.0648,0.3118
"487",129,"VE_25","VE_29","lynchRd",-0.284,-0.6585,0.0929
"488",127,"VE_25","VE_27","lynchRd",-0.0729,-0.7586,0.4799
"489",43,"VE_17","VE_27","lynchRd",-0.2559,-0.6661,0.3895
"490",118,"VE_24","VE_25","lynchRd",-0.3046,-0.7223,0.2791
"491",87,"VE_20","VE_32","lynchRd",-0.3073,-0.6938,0.046
"492",126,"VE_25","VE_26","lynchRd",-0.2104,-0.5558,0.0387
"493",67,"VE_19","VE_24","lynchRd",-0.1622,-0.5589,0.3652
"494",3,"VE_15","VE_18","lynchRd",-0.3683,-0.7398,-0.0409
"495",99,"VE_22","VE_23","lynchRd",-0.2109,-0.6024,0.1234
"496",55,"VE_18","VE_25","lynchRd",-0.0343,-0.4673,0.5297
"497",140,"VE_27","VE_29","lynchRd",0.0246,-0.4765,0.5627
"498",138,"VE_26","VE_32","lynchRd",-0.3895,-0.7034,-0.1483
"499",64,"VE_19","VE_21","lynchRd",-0.1969,-0.4926,0.1303
"500",150,"VE_29","VE_32","lynchRd",-0.375,-0.6244,-0.1044
"501",59,"VE_18","VE_29","lynchRd",-0.1898,-0.5317,0.3443
"502",73,"VE_19","VE_30","lynchRd",-0.0601,-0.5411,0.3702
"503",79,"VE_20","VE_24","lynchRd",-0.1433,-0.6892,0.4207
"504",72,"VE_19","VE_29","lynchRd",-0.0861,-0.4635,0.4562
"505",5,"VE_15","VE_20","lynchRd",-0.4576,-0.7756,-0.0822
"506",69,"VE_19","VE_26","lynchRd",-0.1155,-0.5713,0.2808
"507",148,"VE_29","VE_30","lynchRd",-0.2923,-0.7783,0.4947
"508",89,"VE_21","VE_23","lynchRd",0.0222,-0.5308,0.4996
"509",128,"VE_25","VE_28","lynchRd",-0.0338,-0.4168,0.5746
"510",112,"VE_23","VE_27","lynchRd",0.0017,-0.2749,0.3628
"511",94,"VE_21","VE_28","lynchRd",-0.2042,-0.7151,0.1967
"512",29,"VE_16","VE_28","lynchRd",-0.2849,-0.4932,0.1234
"513",116,"VE_23","VE_31","lynchRd",-0.2862,-0.6423,0.023
"514",93,"VE_21","VE_27","lynchRd",-0.0254,-0.4931,0.6157
"515",34,"VE_17","VE_18","lynchRd",-0.1685,-0.5628,0.6192
"516",71,"VE_19","VE_28","lynchRd",-0.0615,-0.3811,0.2657
"517",26,"VE_16","VE_25","lynchRd",-0.2212,-0.4881,0.3228
"518",46,"VE_17","VE_30","lynchRd",-0.2629,-0.5698,0.2799
"519",152,"VE_30","VE_32","lynchRd",-0.1289,-0.5329,0.5522
"520",39,"VE_17","VE_23","lynchRd",-0.1544,-0.392,0.5167
"521",84,"VE_20","VE_29","lynchRd",0.0038,-0.653,0.7028
"522",81,"VE_20","VE_26","lynchRd",-0.0258,-0.3993,0.6837
"523",27,"VE_16","VE_26","lynchRd",-0.201,-0.7356,0.1892
"524",65,"VE_19","VE_22","lynchRd",-0.2474,-0.5537,0.1027
"525",105,"VE_22","VE_29","lynchRd",-0.2998,-0.7656,0.6804
"526",143,"VE_27","VE_32","lynchRd",-0.1405,-0.5775,0.2373
"527",23,"VE_16","VE_22","lynchRd",-0.3618,-0.6673,0.1443
"528",85,"VE_20","VE_30","lynchRd",0.079,-0.4497,0.6755
"529",58,"VE_18","VE_28","lynchRd",-0.0196,-0.2397,0.7254
"530",54,"VE_18","VE_24","lynchRd",-0.0311,-0.3307,0.7828
"531",60,"VE_18","VE_30","lynchRd",-0.0149,-0.2494,0.8105
"532",131,"VE_25","VE_31","lynchRd",-0.1416,-0.6312,0.5664
"533",28,"VE_16","VE_27","lynchRd",0.2615,-0.4276,0.6874
"534",74,"VE_19","VE_31","lynchRd",-0.2426,-0.5955,0.243
"535",119,"VE_24","VE_26","lynchRd",-0.2297,-0.7032,0.1779
"536",111,"VE_23","VE_26","lynchRd",-0.0137,-0.4317,0.5489
"537",10,"VE_15","VE_25","lynchRd",0.0977,-0.5979,0.6652
"538",144,"VE_28","VE_29","lynchRd",-0.089,-0.5824,0.5441
"539",38,"VE_17","VE_22","lynchRd",-0.2477,-0.6774,0.2511
"540",82,"VE_20","VE_27","lynchRd",0.3697,-0.2651,0.77
"541",125,"VE_24","VE_32","lynchRd",-0.1427,-0.6405,0.2962
"542",61,"VE_18","VE_31","lynchRd",-0.0219,-0.55,0.4187
"543",101,"VE_22","VE_25","lynchRd",0.0438,-0.4623,0.5904
"544",102,"VE_22","VE_26","lynchRd",-0.3152,-0.7931,0.1653
"545",35,"VE_17","VE_19","lynchRd",-0.0672,-0.4569,0.4316
"546",133,"VE_26","VE_27","lynchRd",0.1569,-0.1997,0.781
"547",4,"VE_15","VE_19","lynchRd",-0.3015,-0.5847,-0.1785
"548",66,"VE_19","VE_23","lynchRd",-0.0474,-0.2255,0.1414
"549",149,"VE_29","VE_31","lynchRd",-0.1426,-0.6712,0.3958
"550",137,"VE_26","VE_31","lynchRd",-0.1699,-0.6439,0.3625
"551",88,"VE_21","VE_22","lynchRd",-0.2542,-0.5153,-0.0052
"552",153,"VE_31","VE_32","lynchRd",-0.4,-0.6233,-0.1507
"553",44,"VE_17","VE_28","lynchRd",-0.0307,-0.4286,0.5826
"554",90,"VE_21","VE_24","lynchRd",-0.1068,-0.5839,0.3047
"555",31,"VE_16","VE_30","lynchRd",0.0028,-0.3436,0.7007
"556",123,"VE_24","VE_30","lynchRd",0.0651,-0.437,0.6249
"557",76,"VE_20","VE_21","lynchRd",0.0575,-0.3867,0.5383
"558",20,"VE_16","VE_19","lynchRd",-0.0025,-0.3423,0.6044
"559",8,"VE_15","VE_23","lynchRd",0.1691,-0.6179,0.8295
"560",33,"VE_16","VE_32","lynchRd",-0.2765,-0.5122,-0.0228
"561",75,"VE_19","VE_32","lynchRd",-0.1652,-0.4004,0.0027
"562",147,"VE_28","VE_32","lynchRd",0.2238,-0.2277,0.6487
"563",95,"VE_21","VE_29","lynchRd",-0.0529,-0.4139,0.4389
"564",41,"VE_17","VE_25","lynchRd",0.163,-0.3158,1
"565",107,"VE_22","VE_31","lynchRd",-0.1947,-0.5167,0.1905
"566",1,"VE_15","VE_16","lynchRd",-0.352,-0.677,-0.1264
"567",12,"VE_15","VE_27","lynchRd",0.211,-0.1692,0.7524
"568",77,"VE_20","VE_22","lynchRd",0.0815,-0.3836,0.433
"569",37,"VE_17","VE_21","lynchRd",-0.1793,-0.6851,0.2966
"570",142,"VE_27","VE_31","lynchRd",0.2893,-0.3152,0.86
"571",56,"VE_18","VE_26","lynchRd",0.5222,-0.3712,0.9836
"572",124,"VE_24","VE_31","lynchRd",0.0232,-0.5942,0.6077
"573",92,"VE_21","VE_26","lynchRd",-0.025,-0.4062,0.3186
"574",13,"VE_15","VE_28","lynchRd",0.0831,-0.3871,0.5897
"575",100,"VE_22","VE_24","lynchRd",0.1379,-0.4493,0.8893
"576",22,"VE_16","VE_21","lynchRd",-0.0932,-0.4749,0.2993
"577",117,"VE_23","VE_32","lynchRd",0.3926,-0.4171,0.8121
"578",47,"VE_17","VE_31","lynchRd",-0.1117,-0.7063,0.5189
"579",15,"VE_15","VE_30","lynchRd",-0.012,-0.4777,0.5247
"580",132,"VE_25","VE_32","lynchRd",0.3286,-0.1691,0.9055
"581",42,"VE_17","VE_26","lynchRd",0.0426,-0.3275,0.5052
"582",108,"VE_22","VE_32","lynchRd",0.1328,-0.4297,0.8335
"583",48,"VE_17","VE_32","lynchRd",-0.0552,-0.3259,0.2407
"584",145,"VE_28","VE_30","lynchRd",0.3751,-0.4144,0.8394
"585",11,"VE_15","VE_26","lynchRd",-0.1061,-0.4562,0.3807
"586",7,"VE_15","VE_22","lynchRd",-0.1093,-0.4969,0.3939
"587",14,"VE_15","VE_29","lynchRd",-0.012,-0.3408,0.3553
"588",121,"VE_24","VE_28","lynchRd",0.252,-0.2365,0.8566
"589",98,"VE_21","VE_32","lynchRd",0.2028,-0.4331,0.6575
"590",110,"VE_23","VE_25","lynchRd",0.3313,-0.0301,0.7128
"591",52,"VE_18","VE_22","lynchRd",0.1873,-0.1539,0.781
"592",151,"VE_30","VE_31","lynchRd",0.3212,-0.3565,0.869
"593",30,"VE_16","VE_29","lynchRd",0.1954,-0.3645,0.6404
"594",86,"VE_20","VE_31","lynchRd",0.3349,-0.4551,0.8434
"595",9,"VE_15","VE_24","lynchRd",-0.0074,-0.4158,0.4293
"596",68,"VE_19","VE_25","lynchRd",0.0908,-0.2722,0.5246
"597",106,"VE_22","VE_30","lynchRd",0.33,-0.1081,0.8087
"598",25,"VE_16","VE_24","lynchRd",0.2653,-0.3029,0.7212
"599",21,"VE_16","VE_20","lynchRd",0.5439,0.2427,0.7978
"600",32,"VE_16","VE_31","lynchRd",0.1863,-0.3166,0.5453
"601",2,"VE_15","VE_17","lynchRd",0.0347,-0.2858,0.4393
"602",16,"VE_15","VE_31","lynchRd",-0.0637,-0.4804,0.5254
"603",122,"VE_24","VE_29","lynchRd",0.3159,-0.2939,0.7177
"604",18,"VE_16","VE_17","lynchRd",0.1947,-0.4633,0.7455
"605",40,"VE_17","VE_24","lynchRd",0.4424,-0.3009,0.8654
"606",6,"VE_15","VE_21","lynchRd",0.0563,-0.3522,0.5952
"607",96,"VE_21","VE_30","lynchRd",0.4409,-0.06,0.8383
"608",135,"VE_26","VE_29","lynchRd",0.4851,0.2204,0.9009
"609",17,"VE_15","VE_32","lynchRd",0.433,-0.2025,1
"610",97,"VE_21","VE_31","lynchRd",0.3823,-0.4163,1
"611",45,"VE_17","VE_29","lynchRd",0.5532,-0.1731,1
"612",104,"VE_22","VE_28","lynchRd",0.8327,0.7294,1
"613",139,"VE_27","VE_28","Ritland",-0.6576,-1.3608,-0.189
"614",78,"VE_20","VE_23","Ritland",-0.563,-1.0022,-0.1504
"615",141,"VE_27","VE_30","Ritland",-0.3467,-1.0378,0.3852
"616",57,"VE_18","VE_27","Ritland",-0.4123,-0.9241,0.001
"617",120,"VE_24","VE_27","Ritland",-0.5796,-1.1389,0.0067
"618",113,"VE_23","VE_28","Ritland",-0.3834,-0.8512,0.1329
"619",115,"VE_23","VE_30","Ritland",-0.4536,-0.9997,-0.07
"620",62,"VE_18","VE_32","Ritland",-0.3167,-0.6645,-0.0299
"621",91,"VE_21","VE_25","Ritland",-0.4852,-0.9529,0.0103
"622",130,"VE_25","VE_30","Ritland",-0.4257,-0.8339,0.1056
"623",109,"VE_23","VE_24","Ritland",-0.374,-0.9503,0.2313
"624",49,"VE_18","VE_19","Ritland",-0.2313,-0.5482,0.1152
"625",114,"VE_23","VE_29","Ritland",-0.2824,-0.6302,0.0572
"626",63,"VE_19","VE_20","Ritland",-0.3285,-0.9163,0.0832
"627",80,"VE_20","VE_25","Ritland",-0.3869,-1.0002,0.1262
"628",36,"VE_17","VE_20","Ritland",-0.4501,-0.8915,-0.0302
"629",24,"VE_16","VE_23","Ritland",-0.4892,-0.9118,-0.0716
"630",53,"VE_18","VE_23","Ritland",-0.1696,-0.9362,0.6512
"631",146,"VE_28","VE_31","Ritland",-0.3753,-0.8982,0.0939
"632",83,"VE_20","VE_28","Ritland",-0.2969,-0.8559,0.2972
"633",50,"VE_18","VE_20","Ritland",-0.1052,-0.5673,0.2885
"634",51,"VE_18","VE_21","Ritland",-0.3343,-0.6742,-0.0636
"635",19,"VE_16","VE_18","Ritland",-0.1555,-0.53,0.347
"636",134,"VE_26","VE_28","Ritland",-0.4621,-0.9057,-0.0942
"637",70,"VE_19","VE_27","Ritland",-0.4219,-0.9873,0.1328
"638",136,"VE_26","VE_30","Ritland",-0.4295,-0.9218,-0.0605
"639",103,"VE_22","VE_27","Ritland",-0.339,-1.0405,0.1389
"640",129,"VE_25","VE_29","Ritland",-0.0932,-0.5418,0.3702
"641",127,"VE_25","VE_27","Ritland",-0.3496,-1.0362,0.3024
"642",43,"VE_17","VE_27","Ritland",-0.3994,-0.9051,0.0892
"643",118,"VE_24","VE_25","Ritland",-0.0816,-0.5962,0.5897
"644",87,"VE_20","VE_32","Ritland",-0.3286,-0.5489,-0.0872
"645",126,"VE_25","VE_26","Ritland",-0.1306,-0.4283,0.1865
"646",67,"VE_19","VE_24","Ritland",-0.0077,-0.5545,0.5457
"647",3,"VE_15","VE_18","Ritland",-0.3466,-0.5869,-0.0858
"648",99,"VE_22","VE_23","Ritland",-0.2043,-0.6986,0.1605
"649",55,"VE_18","VE_25","Ritland",0.0043,-0.3973,0.5748
"650",140,"VE_27","VE_29","Ritland",0.1115,-0.4925,0.89
"651",138,"VE_26","VE_32","Ritland",-0.2567,-0.5112,0.0466
"652",64,"VE_19","VE_21","Ritland",-0.3002,-0.8272,0.0999
"653",150,"VE_29","VE_32","Ritland",-0.2473,-0.4192,-0.0542
"654",59,"VE_18","VE_29","Ritland",-0.2845,-0.7079,0.0296
"655",73,"VE_19","VE_30","Ritland",-0.1296,-0.6245,0.4481
"656",79,"VE_20","VE_24","Ritland",-0.194,-0.8539,0.2977
"657",72,"VE_19","VE_29","Ritland",0.039,-0.5001,0.6297
"658",5,"VE_15","VE_20","Ritland",-0.2198,-0.4639,0.0763
"659",69,"VE_19","VE_26","Ritland",-0.0818,-0.4397,0.4106
"660",148,"VE_29","VE_30","Ritland",-0.4212,-0.9429,0.1637
"661",89,"VE_21","VE_23","Ritland",-0.0409,-0.4885,0.5228
"662",128,"VE_25","VE_28","Ritland",0.0671,-0.4062,0.6176
"663",112,"VE_23","VE_27","Ritland",-0.0576,-0.6655,0.4682
"664",94,"VE_21","VE_28","Ritland",-0.3198,-0.8303,0.0908
"665",29,"VE_16","VE_28","Ritland",-0.1156,-0.5041,0.2863
"666",116,"VE_23","VE_31","Ritland",-0.3692,-0.9101,-0.0181
"667",93,"VE_21","VE_27","Ritland",0.3033,-0.3832,1.1178
"668",34,"VE_17","VE_18","Ritland",-0.1362,-0.4466,0.2467
"669",71,"VE_19","VE_28","Ritland",0.087,-0.2862,0.6238
"670",26,"VE_16","VE_25","Ritland",-0.1876,-0.4761,0.1708
"671",46,"VE_17","VE_30","Ritland",-0.2728,-0.848,0.1278
"672",152,"VE_30","VE_32","Ritland",-0.0451,-0.3446,0.3909
"673",39,"VE_17","VE_23","Ritland",-0.0444,-0.3417,0.3522
"674",84,"VE_20","VE_29","Ritland",-0.0759,-0.8244,0.4722
"675",81,"VE_20","VE_26","Ritland",-0.0675,-0.7132,0.4268
"676",27,"VE_16","VE_26","Ritland",-0.2892,-0.8325,0.1422
"677",65,"VE_19","VE_22","Ritland",-0.1513,-0.4091,0.1863
"678",105,"VE_22","VE_29","Ritland",-0.257,-0.5135,0.274
"679",143,"VE_27","VE_32","Ritland",-0.2311,-0.7358,0.2281
"680",23,"VE_16","VE_22","Ritland",-0.1032,-0.4243,0.2355
"681",85,"VE_20","VE_30","Ritland",0.2202,-0.5287,0.8447
"682",58,"VE_18","VE_28","Ritland",0.0446,-0.3543,0.3923
"683",54,"VE_18","VE_24","Ritland",0.014,-0.3613,0.3617
"684",60,"VE_18","VE_30","Ritland",0.0388,-0.4456,0.4433
"685",131,"VE_25","VE_31","Ritland",-0.2807,-0.7531,0.2327
"686",28,"VE_16","VE_27","Ritland",0.0022,-0.6236,0.5383
"687",74,"VE_19","VE_31","Ritland",-0.3507,-1.0449,0.1475
"688",119,"VE_24","VE_26","Ritland",-0.3594,-0.7494,-0.0142
"689",111,"VE_23","VE_26","Ritland",0.1916,-0.483,1.2378
"690",10,"VE_15","VE_25","Ritland",0.0196,-0.4138,0.3721
"691",144,"VE_28","VE_29","Ritland",-0.0464,-0.4788,0.6322
"692",38,"VE_17","VE_22","Ritland",-0.1086,-0.4592,0.1273
"693",82,"VE_20","VE_27","Ritland",0.6083,-0.0659,1.3477
"694",125,"VE_24","VE_32","Ritland",-0.0544,-0.3376,0.2222
"695",61,"VE_18","VE_31","Ritland",-9e-04,-0.5313,0.3038
"696",101,"VE_22","VE_25","Ritland",0.0232,-0.2525,0.4025
"697",102,"VE_22","VE_26","Ritland",-0.3664,-0.9554,0.0556
"698",35,"VE_17","VE_19","Ritland",0.1103,-0.3901,0.5603
"699",133,"VE_26","VE_27","Ritland",0.4084,-0.0811,1.1404
"700",4,"VE_15","VE_19","Ritland",-0.2489,-0.4359,-0.091
"701",66,"VE_19","VE_23","Ritland",-0.0016,-0.3121,0.3208
"702",149,"VE_29","VE_31","Ritland",-0.1728,-0.8758,0.2758
"703",137,"VE_26","VE_31","Ritland",-0.1644,-0.741,0.31
"704",88,"VE_21","VE_22","Ritland",-0.1956,-0.3874,0.0027
"705",153,"VE_31","VE_32","Ritland",-0.2829,-0.5053,-0.0829
"706",44,"VE_17","VE_28","Ritland",0.1019,-0.3976,0.7333
"707",90,"VE_21","VE_24","Ritland",-0.2564,-0.7793,0.111
"708",31,"VE_16","VE_30","Ritland",0.1136,-0.4042,0.4827
"709",123,"VE_24","VE_30","Ritland",-0.0168,-0.8092,0.4037
"710",76,"VE_20","VE_21","Ritland",0.2353,-0.1433,0.7159
"711",20,"VE_16","VE_19","Ritland",0.0268,-0.3361,0.3912
"712",8,"VE_15","VE_23","Ritland",0.1395,-0.4285,0.7899
"713",33,"VE_16","VE_32","Ritland",-0.1794,-0.3859,0.0528
"714",75,"VE_19","VE_32","Ritland",-0.1307,-0.3651,0.1393
"715",147,"VE_28","VE_32","Ritland",0.1831,-0.1544,0.5062
"716",95,"VE_21","VE_29","Ritland",-0.0894,-0.6359,0.3521
"717",41,"VE_17","VE_25","Ritland",0.2399,-0.1952,0.8693
"718",107,"VE_22","VE_31","Ritland",-0.0567,-0.2987,0.2696
"719",1,"VE_15","VE_16","Ritland",-0.2659,-0.4525,-0.0906
"720",12,"VE_15","VE_27","Ritland",0.2936,-0.1263,0.9049
"721",77,"VE_20","VE_22","Ritland",0.0218,-0.2951,0.3103
"722",37,"VE_17","VE_21","Ritland",-0.2308,-0.7613,0.1553
"723",142,"VE_27","VE_31","Ritland",0.4245,-0.2009,1.1488
"724",56,"VE_18","VE_26","Ritland",0.3946,-0.574,1.5401
"725",124,"VE_24","VE_31","Ritland",-0.0898,-0.8063,0.3363
"726",92,"VE_21","VE_26","Ritland",0.0856,-0.2327,0.4114
"727",13,"VE_15","VE_28","Ritland",-0.0049,-0.3253,0.3679
"728",100,"VE_22","VE_24","Ritland",0.1459,-0.2451,0.5383
"729",22,"VE_16","VE_21","Ritland",-0.0943,-0.3633,0.1767
"730",117,"VE_23","VE_32","Ritland",0.4552,-0.1614,0.9817
"731",47,"VE_17","VE_31","Ritland",-0.2535,-0.7352,0.1885
"732",15,"VE_15","VE_30","Ritland",-0.0751,-0.3751,0.2391
"733",132,"VE_25","VE_32","Ritland",0.2711,-0.1012,0.8669
"734",42,"VE_17","VE_26","Ritland",0.0289,-0.2458,0.3993
"735",108,"VE_22","VE_32","Ritland",0.0844,-0.2284,0.4356
"736",48,"VE_17","VE_32","Ritland",0.0252,-0.134,0.2494
"737",145,"VE_28","VE_30","Ritland",0.2755,-0.498,1.0854
"738",11,"VE_15","VE_26","Ritland",0.0348,-0.2893,0.3634
"739",7,"VE_15","VE_22","Ritland",-0.1036,-0.3308,0.1074
"740",14,"VE_15","VE_29","Ritland",0.0442,-0.1882,0.2285
"741",121,"VE_24","VE_28","Ritland",0.3565,-0.1366,0.8696
"742",98,"VE_21","VE_32","Ritland",0.0731,-0.2992,0.4772
"743",110,"VE_23","VE_25","Ritland",0.5101,0.0581,1.0382
"744",52,"VE_18","VE_22","Ritland",0.2237,-0.1196,0.5678
"745",151,"VE_30","VE_31","Ritland",0.3244,-0.1847,0.9821
"746",30,"VE_16","VE_29","Ritland",0.0753,-0.2558,0.5153
"747",86,"VE_20","VE_31","Ritland",0.4853,-0.1181,1.0628
"748",9,"VE_15","VE_24","Ritland",-0.0844,-0.3649,0.1811
"749",68,"VE_19","VE_25","Ritland",0.2729,-0.1917,0.7602
"750",106,"VE_22","VE_30","Ritland",0.2885,-0.005,0.6278
"751",25,"VE_16","VE_24","Ritland",0.2786,-0.0646,0.6788
"752",21,"VE_16","VE_20","Ritland",0.4091,0.1005,0.7492
"753",32,"VE_16","VE_31","Ritland",0.133,-0.2092,0.4111
"754",2,"VE_15","VE_17","Ritland",-0.0366,-0.2301,0.143
"755",16,"VE_15","VE_31","Ritland",-0.0232,-0.3018,0.3259
"756",122,"VE_24","VE_29","Ritland",0.1896,-0.2832,0.7262
"757",18,"VE_16","VE_17","Ritland",0.1149,-0.2532,0.5196
"758",40,"VE_17","VE_24","Ritland",0.338,-0.1405,0.9085
"759",6,"VE_15","VE_21","Ritland",0.1106,-0.1903,0.3775
"760",96,"VE_21","VE_30","Ritland",0.38,-0.2108,0.835
"761",135,"VE_26","VE_29","Ritland",0.4032,0.1405,0.6963
"762",17,"VE_15","VE_32","Ritland",0.2535,-0.1258,0.6893
"763",97,"VE_21","VE_31","Ritland",0.3712,-0.1925,0.8872
"764",45,"VE_17","VE_29","Ritland",0.3664,-0.128,0.936
"765",104,"VE_22","VE_28","Ritland",0.5568,0.3441,0.7918
"766",139,"VE_27","VE_28","QGT",-0.6788,-1.0043,-0.1638
"767",78,"VE_20","VE_23","QGT",-0.7888,-1.4242,-0.3534
"768",141,"VE_27","VE_30","QGT",-0.4293,-0.8595,0.2267
"769",57,"VE_18","VE_27","QGT",-0.3617,-0.7622,0.0374
"770",120,"VE_24","VE_27","QGT",-0.6541,-0.9211,-0.1101
"771",113,"VE_23","VE_28","QGT",-0.4634,-0.75,0.1133
"772",115,"VE_23","VE_30","QGT",-0.399,-0.7959,-0.0335
"773",62,"VE_18","VE_32","QGT",-0.3671,-0.7536,0.1595
"774",91,"VE_21","VE_25","QGT",-0.5048,-1.0124,0.3182
"775",130,"VE_25","VE_30","QGT",-0.3139,-0.726,0.5628
"776",109,"VE_23","VE_24","QGT",-0.4278,-0.8383,0.4757
"777",49,"VE_18","VE_19","QGT",-0.3,-0.6628,0.2394
"778",114,"VE_23","VE_29","QGT",-0.397,-0.9139,-0.0028
"779",63,"VE_19","VE_20","QGT",-0.5652,-0.9106,-0.0161
"780",80,"VE_20","VE_25","QGT",-0.4524,-0.9217,0.0233
"781",36,"VE_17","VE_20","QGT",-0.4444,-0.9688,0.2198
"782",24,"VE_16","VE_23","QGT",-0.6421,-1.1654,-0.0723
"783",53,"VE_18","VE_23","QGT",-0.064,-0.7953,0.8577
"784",146,"VE_28","VE_31","QGT",-0.3012,-0.7705,0.364
"785",83,"VE_20","VE_28","QGT",-0.2169,-0.9149,0.562
"786",50,"VE_18","VE_20","QGT",-0.102,-0.7528,0.4627
"787",51,"VE_18","VE_21","QGT",-0.2135,-0.5709,0.2448
"788",19,"VE_16","VE_18","QGT",-0.2169,-0.617,0.5279
"789",134,"VE_26","VE_28","QGT",-0.2857,-0.978,0.2824
"790",70,"VE_19","VE_27","QGT",-0.5244,-0.9543,0.0847
"791",136,"VE_26","VE_30","QGT",-0.2238,-0.8082,0.2653
"792",103,"VE_22","VE_27","QGT",-0.4952,-0.9317,0.2469
"793",129,"VE_25","VE_29","QGT",-0.2,-0.8815,0.4098
"794",127,"VE_25","VE_27","QGT",-0.2381,-1.0809,0.4449
"795",43,"VE_17","VE_27","QGT",-0.3183,-0.7657,0.3358
"796",118,"VE_24","VE_25","QGT",-0.1429,-0.7622,0.4447
"797",87,"VE_20","VE_32","QGT",-0.7069,-1.0893,-0.35
"798",126,"VE_25","VE_26","QGT",-0.3171,-0.6744,0.027
"799",67,"VE_19","VE_24","QGT",-0.1726,-0.8791,0.493
"800",3,"VE_15","VE_18","QGT",-0.2162,-0.5781,0.2885
"801",99,"VE_22","VE_23","QGT",-0.3378,-0.7647,0.2941
"802",55,"VE_18","VE_25","QGT",-0.0023,-0.5,0.625
"803",140,"VE_27","VE_29","QGT",-0.2273,-0.6514,0.3933
"804",138,"VE_26","VE_32","QGT",-0.6901,-1.2345,-0.2687
"805",64,"VE_19","VE_21","QGT",-0.5,-1.0412,0.0909
"806",150,"VE_29","VE_32","QGT",-0.4694,-0.9688,-0.0519
"807",59,"VE_18","VE_29","QGT",-0.0667,-0.6119,0.5443
"808",73,"VE_19","VE_30","QGT",-0.1647,-0.7518,0.4607
"809",79,"VE_20","VE_24","QGT",-0.1681,-0.8567,0.5414
"810",72,"VE_19","VE_29","QGT",-0.1211,-0.7802,0.6076
"811",5,"VE_15","VE_20","QGT",-0.6981,-1.16,-0.209
"812",69,"VE_19","VE_26","QGT",-0.4008,-0.8274,0.0069
"813",148,"VE_29","VE_30","QGT",-0.1221,-0.7095,0.7097
"814",89,"VE_21","VE_23","QGT",-0.2587,-0.8419,0.2294
"815",128,"VE_25","VE_28","QGT",-0.0051,-0.5126,0.7353
"816",112,"VE_23","VE_27","QGT",-0.1218,-0.6277,0.364
"817",94,"VE_21","VE_28","QGT",-0.2414,-0.7561,0.3472
"818",29,"VE_16","VE_28","QGT",-0.1321,-0.5158,0.4627
"819",116,"VE_23","VE_31","QGT",-0.3244,-0.9459,0.203
"820",93,"VE_21","VE_27","QGT",-0.0693,-0.6667,0.5522
"821",34,"VE_17","VE_18","QGT",0.0294,-0.3784,0.7534
"822",71,"VE_19","VE_28","QGT",-0.0031,-0.5429,0.4977
"823",26,"VE_16","VE_25","QGT",-0.1613,-0.8165,0.3522
"824",46,"VE_17","VE_30","QGT",-0.0206,-0.4934,0.5102
"825",152,"VE_30","VE_32","QGT",-0.0946,-0.6119,0.4393
"826",39,"VE_17","VE_23","QGT",-0.0651,-0.4305,0.4512
"827",84,"VE_20","VE_29","QGT",-0.1215,-0.8403,0.7293
"828",81,"VE_20","VE_26","QGT",-0.2457,-0.7809,0.6327
"829",27,"VE_16","VE_26","QGT",-0.4286,-0.8641,0.0171
"830",65,"VE_19","VE_22","QGT",-0.296,-0.766,0.2448
"831",105,"VE_22","VE_29","QGT",-0.0983,-0.8514,0.8163
"832",143,"VE_27","VE_32","QGT",-0.3688,-0.9459,0.2364
"833",23,"VE_16","VE_22","QGT",-0.1755,-0.8857,0.4059
"834",85,"VE_20","VE_30","QGT",0.2258,-0.6194,0.7818
"835",58,"VE_18","VE_28","QGT",0.262,-0.1474,0.7931
"836",54,"VE_18","VE_24","QGT",0.234,-0.2093,0.8
"837",60,"VE_18","VE_30","QGT",0.2105,-0.1887,0.9037
"838",131,"VE_25","VE_31","QGT",-0.1111,-0.7143,0.4419
"839",28,"VE_16","VE_27","QGT",-0.1921,-0.6471,0.2088
"840",74,"VE_19","VE_31","QGT",-0.4229,-0.9485,0.2241
"841",119,"VE_24","VE_26","QGT",-0.125,-0.8621,0.4079
"842",111,"VE_23","VE_26","QGT",0.0495,-1.1767,0.5714
"843",10,"VE_15","VE_25","QGT",-0.1474,-0.6647,0.2895
"844",144,"VE_28","VE_29","QGT",0.1196,-0.6718,0.7385
"845",38,"VE_17","VE_22","QGT",0.0336,-0.5698,0.52
"846",82,"VE_20","VE_27","QGT",0.0442,-0.5211,0.7391
"847",125,"VE_24","VE_32","QGT",-0.0951,-0.7269,0.4322
"848",61,"VE_18","VE_31","QGT",0.122,-0.4892,0.5701
"849",101,"VE_22","VE_25","QGT",-0.0093,-0.4835,0.5284
"850",102,"VE_22","VE_26","QGT",-0.2319,-1.0426,0.4627
"851",35,"VE_17","VE_19","QGT",0.137,-0.7349,0.7293
"852",133,"VE_26","VE_27","QGT",-0.0125,-0.4845,0.5765
"853",4,"VE_15","VE_19","QGT",-0.6,-1.0826,-0.3171
"854",66,"VE_19","VE_23","QGT",0.0069,-0.5502,0.3762
"855",149,"VE_29","VE_31","QGT",-0.0872,-0.7584,0.5085
"856",137,"VE_26","VE_31","QGT",-0.218,-0.7188,0.46
"857",88,"VE_21","VE_22","QGT",-0.1707,-0.4931,0.197
"858",153,"VE_31","VE_32","QGT",-0.378,-0.8409,0.0649
"859",44,"VE_17","VE_28","QGT",0.2237,-0.2698,0.7465
"860",90,"VE_21","VE_24","QGT",-0.0693,-0.6432,0.55
"861",31,"VE_16","VE_30","QGT",0.1403,-0.388,0.7465
"862",123,"VE_24","VE_30","QGT",0.196,-0.374,0.7209
"863",76,"VE_20","VE_21","QGT",0.0735,-0.8367,0.6289
"864",20,"VE_16","VE_19","QGT",-0.0544,-0.6579,0.6
"865",8,"VE_15","VE_23","QGT",-0.115,-0.7368,0.5663
"866",33,"VE_16","VE_32","QGT",-0.2923,-1.1913,0.2117
"867",75,"VE_19","VE_32","QGT",-0.26,-1.0903,0.2836
"868",147,"VE_28","VE_32","QGT",0.0968,-0.3891,0.5781
"869",95,"VE_21","VE_29","QGT",-0.0105,-0.5912,0.6561
"870",41,"VE_17","VE_25","QGT",0.3058,-0.1771,1
"871",107,"VE_22","VE_31","QGT",0.027,-0.4464,0.5068
"872",1,"VE_15","VE_16","QGT",-0.44,-1.0637,-0.0473
"873",12,"VE_15","VE_27","QGT",-0.037,-0.3458,0.1933
"874",77,"VE_20","VE_22","QGT",0.1064,-0.5577,0.5727
"875",37,"VE_17","VE_21","QGT",0,-0.6941,0.6087
"876",142,"VE_27","VE_31","QGT",0.2025,-0.3729,0.5862
"877",56,"VE_18","VE_26","QGT",0.2279,-0.4333,0.728
"878",124,"VE_24","VE_31","QGT",0.0886,-0.5186,0.6561
"879",92,"VE_21","VE_26","QGT",0.004,-0.44,0.3525
"880",13,"VE_15","VE_28","QGT",0.027,-0.4545,0.3617
"881",100,"VE_22","VE_24","QGT",0.3099,-0.3448,0.9011
"882",22,"VE_16","VE_21","QGT",-0.0723,-0.6647,0.3077
"883",117,"VE_23","VE_32","QGT",0.122,-0.3846,0.8065
"884",47,"VE_17","VE_31","QGT",0.0432,-0.5469,0.6571
"885",15,"VE_15","VE_30","QGT",0.087,-0.4661,0.4737
"886",132,"VE_25","VE_32","QGT",0.203,-0.3388,0.8105
"887",42,"VE_17","VE_26","QGT",0.1738,-0.209,0.5238
"888",108,"VE_22","VE_32","QGT",-0.0485,-0.7293,0.7736
"889",48,"VE_17","VE_32","QGT",0.129,-0.2632,0.5365
"890",145,"VE_28","VE_30","QGT",0.3986,-0.2979,0.8596
"891",11,"VE_15","VE_26","QGT",-0.1192,-0.7349,0.3077
"892",7,"VE_15","VE_22","QGT",-0.1613,-0.5158,0.2275
"893",14,"VE_15","VE_29","QGT",0.04,-0.3521,0.5
"894",121,"VE_24","VE_28","QGT",0.4404,-0.1638,0.8983
"895",98,"VE_21","VE_32","QGT",-0.102,-0.7622,0.4953
"896",110,"VE_23","VE_25","QGT",0.4017,-0.0992,0.7512
"897",52,"VE_18","VE_22","QGT",0.5082,0.0491,0.8994
"898",151,"VE_30","VE_31","QGT",0.4842,-0.0827,0.8861
"899",30,"VE_16","VE_29","QGT",0.2394,-0.4516,0.75
"900",86,"VE_20","VE_31","QGT",0.3684,-0.5652,0.8252
"901",9,"VE_15","VE_24","QGT",0.1111,-0.546,0.5091
"902",68,"VE_19","VE_25","QGT",0.4286,-0.9817,0.7764
"903",106,"VE_22","VE_30","QGT",0.4798,-0.0435,0.8963
"904",25,"VE_16","VE_24","QGT",0.404,-0.1455,0.7937
"905",21,"VE_16","VE_20","QGT",0.3358,-0.1053,0.7231
"906",32,"VE_16","VE_31","QGT",0.2742,-0.3012,0.7188
"907",2,"VE_15","VE_17","QGT",0.2105,-0.1943,0.5714
"908",16,"VE_15","VE_31","QGT",0.0476,-0.8,0.55
"909",122,"VE_24","VE_29","QGT",0.4886,-0.0862,0.7895
"910",18,"VE_16","VE_17","QGT",0.3728,-0.2576,0.7989
"911",40,"VE_17","VE_24","QGT",0.5944,0.027,0.9086
"912",6,"VE_15","VE_21","QGT",0.1818,-0.6216,0.6742
"913",96,"VE_21","VE_30","QGT",0.5714,-0.0465,0.8882
"914",135,"VE_26","VE_29","QGT",0.5232,0.1589,0.8691
"915",17,"VE_15","VE_32","QGT",0.2059,-0.5652,1
"916",97,"VE_21","VE_31","QGT",0.5663,-0.2663,1
"917",45,"VE_17","VE_29","QGT",0.6795,0.0055,1
"918",104,"VE_22","VE_28","QGT",0.7812,0.4178,1
"919",139,"VE_27","VE_28","DyadMl",0,0,0.1287
"920",78,"VE_20","VE_23","DyadMl",0,0,0
"921",141,"VE_27","VE_30","DyadMl",0,0,0.142
"922",57,"VE_18","VE_27","DyadMl",0,0,0
"923",120,"VE_24","VE_27","DyadMl",0,0,0.073
"924",113,"VE_23","VE_28","DyadMl",0,0,0.2275
"925",115,"VE_23","VE_30","DyadMl",0,0,0.1583
"926",62,"VE_18","VE_32","DyadMl",0,0,0.041
"927",91,"VE_21","VE_25","DyadMl",0,0,0.2422
"928",130,"VE_25","VE_30","DyadMl",0,0,0.5
"929",109,"VE_23","VE_24","DyadMl",0,0,0.5981
"930",49,"VE_18","VE_19","DyadMl",0,0,0.2091
"931",114,"VE_23","VE_29","DyadMl",0,0,0
"932",63,"VE_19","VE_20","DyadMl",0.0164,0,0.4924
"933",80,"VE_20","VE_25","DyadMl",0,0,0.4564
"934",36,"VE_17","VE_20","DyadMl",0,0,0.1081
"935",24,"VE_16","VE_23","DyadMl",0,0,0
"936",53,"VE_18","VE_23","DyadMl",0.1463,0,0.7835
"937",146,"VE_28","VE_31","DyadMl",0,0,0.0714
"938",83,"VE_20","VE_28","DyadMl",0,0,0.466
"939",50,"VE_18","VE_20","DyadMl",0,0,0.3197
"940",51,"VE_18","VE_21","DyadMl",0,0,0
"941",19,"VE_16","VE_18","DyadMl",0,0,0.3806
"942",134,"VE_26","VE_28","DyadMl",0,0,0.1036
"943",70,"VE_19","VE_27","DyadMl",0,0,0.5
"944",136,"VE_26","VE_30","DyadMl",0,0,0.1068
"945",103,"VE_22","VE_27","DyadMl",0,0,0.5
"946",129,"VE_25","VE_29","DyadMl",0,0,0.282
"947",127,"VE_25","VE_27","DyadMl",0.0569,0,0.4398
"948",43,"VE_17","VE_27","DyadMl",0,0,0.3678
"949",118,"VE_24","VE_25","DyadMl",0,0,0.3627
"950",87,"VE_20","VE_32","DyadMl",0,0,0.1344
"951",126,"VE_25","VE_26","DyadMl",0,0,0.0979
"952",67,"VE_19","VE_24","DyadMl",0,0,0.4294
"953",3,"VE_15","VE_18","DyadMl",0,0,0.1567
"954",99,"VE_22","VE_23","DyadMl",0,0,0.4
"955",55,"VE_18","VE_25","DyadMl",0.0649,0,0.5071
"956",140,"VE_27","VE_29","DyadMl",0.0198,0,0.6002
"957",138,"VE_26","VE_32","DyadMl",0,0,0
"958",64,"VE_19","VE_21","DyadMl",0,0,0.4107
"959",150,"VE_29","VE_32","DyadMl",0,0,0
"960",59,"VE_18","VE_29","DyadMl",0,0,0.5
"961",73,"VE_19","VE_30","DyadMl",0,0,0.5
"962",79,"VE_20","VE_24","DyadMl",0,0,0.5
"963",72,"VE_19","VE_29","DyadMl",0.136,0,0.6571
"964",5,"VE_15","VE_20","DyadMl",0,0,0.1509
"965",69,"VE_19","VE_26","DyadMl",0,0,0.5
"966",148,"VE_29","VE_30","DyadMl",0,0,0.5753
"967",89,"VE_21","VE_23","DyadMl",0.0176,0,0.5
"968",128,"VE_25","VE_28","DyadMl",0.121,0,0.6865
"969",112,"VE_23","VE_27","DyadMl",0.004,0,0.5
"970",94,"VE_21","VE_28","DyadMl",0,0,0.4155
"971",29,"VE_16","VE_28","DyadMl",0,0,0.5
"972",116,"VE_23","VE_31","DyadMl",0,0,0.5
"973",93,"VE_21","VE_27","DyadMl",0,0,0.5
"974",34,"VE_17","VE_18","DyadMl",0,0,0.5429
"975",71,"VE_19","VE_28","DyadMl",0,0,0.332
"976",26,"VE_16","VE_25","DyadMl",0,0,0.3382
"977",46,"VE_17","VE_30","DyadMl",0,0,0.5
"978",152,"VE_30","VE_32","DyadMl",0,0,0.5
"979",39,"VE_17","VE_23","DyadMl",0,0,0.5
"980",84,"VE_20","VE_29","DyadMl",0.1395,0,0.7344
"981",81,"VE_20","VE_26","DyadMl",0.1997,0,0.7016
"982",27,"VE_16","VE_26","DyadMl",0,0,0.3594
"983",65,"VE_19","VE_22","DyadMl",0,0,0.3683
"984",105,"VE_22","VE_29","DyadMl",0,0,0.6559
"985",143,"VE_27","VE_32","DyadMl",0,0,0.5
"986",23,"VE_16","VE_22","DyadMl",0,0,0.3814
"987",85,"VE_20","VE_30","DyadMl",0.3208,0,0.8324
"988",58,"VE_18","VE_28","DyadMl",0.1373,0,0.7893
"989",54,"VE_18","VE_24","DyadMl",0.1139,0,0.7614
"990",60,"VE_18","VE_30","DyadMl",0.1139,0,0.8122
"991",131,"VE_25","VE_31","DyadMl",0,0,0.5
"992",28,"VE_16","VE_27","DyadMl",0.196,0,0.5
"993",74,"VE_19","VE_31","DyadMl",0,0,0.3554
"994",119,"VE_24","VE_26","DyadMl",0,0,0.255
"995",111,"VE_23","VE_26","DyadMl",0.0806,0,0.5
"996",10,"VE_15","VE_25","DyadMl",0.0689,0,0.5
"997",144,"VE_28","VE_29","DyadMl",0,0,0.6
"998",38,"VE_17","VE_22","DyadMl",0,0,0.5
"999",82,"VE_20","VE_27","DyadMl",0.2767,0,0.6828
"1000",125,"VE_24","VE_32","DyadMl",0,0,0.5
"1001",61,"VE_18","VE_31","DyadMl",0,0,0.5
"1002",101,"VE_22","VE_25","DyadMl",0.0468,0,0.6038
"1003",102,"VE_22","VE_26","DyadMl",0,0,0.4093
"1004",35,"VE_17","VE_19","DyadMl",0.029,0,0.6251
"1005",133,"VE_26","VE_27","DyadMl",0.1659,0,0.7045
"1006",4,"VE_15","VE_19","DyadMl",0,0,0.3224
"1007",66,"VE_19","VE_23","DyadMl",0,0,0.5
"1008",149,"VE_29","VE_31","DyadMl",0,0,0.5
"1009",137,"VE_26","VE_31","DyadMl",0,0,0.6106
"1010",88,"VE_21","VE_22","DyadMl",0,0,0
"1011",153,"VE_31","VE_32","DyadMl",0,0,0
"1012",44,"VE_17","VE_28","DyadMl",0,0,0.6165
"1013",90,"VE_21","VE_24","DyadMl",0,0,0.5
"1014",31,"VE_16","VE_30","DyadMl",0.0359,0,0.7008
"1015",123,"VE_24","VE_30","DyadMl",0.3825,0,0.8127
"1016",76,"VE_20","VE_21","DyadMl",0.1834,0,0.6483
"1017",20,"VE_16","VE_19","DyadMl",0.1102,0,0.6826
"1018",8,"VE_15","VE_23","DyadMl",0.1773,0,0.6926
"1019",33,"VE_16","VE_32","DyadMl",0,0,0.041
"1020",75,"VE_19","VE_32","DyadMl",0,0,0.1122
"1021",147,"VE_28","VE_32","DyadMl",0.2176,0,0.6331
"1022",95,"VE_21","VE_29","DyadMl",0,0,0.6993
"1023",41,"VE_17","VE_25","DyadMl",0.1969,0,1
"1024",107,"VE_22","VE_31","DyadMl",0,0,0.5
"1025",1,"VE_15","VE_16","DyadMl",0,0,0.3
"1026",12,"VE_15","VE_27","DyadMl",0.3101,0,0.5
"1027",77,"VE_20","VE_22","DyadMl",0.1446,0,0.5
"1028",37,"VE_17","VE_21","DyadMl",0,0,0.5617
"1029",142,"VE_27","VE_31","DyadMl",0.3553,0,0.6101
"1030",56,"VE_18","VE_26","DyadMl",0.2571,0,0.5983
"1031",124,"VE_24","VE_31","DyadMl",0.0257,0,0.6436
"1032",92,"VE_21","VE_26","DyadMl",0,0,0.5
"1033",13,"VE_15","VE_28","DyadMl",0.1417,0,0.5
"1034",100,"VE_22","VE_24","DyadMl",0.2124,0,0.85
"1035",22,"VE_16","VE_21","DyadMl",0,0,0.5
"1036",117,"VE_23","VE_32","DyadMl",0.3885,0,0.8432
"1037",47,"VE_17","VE_31","DyadMl",0,0,0.6071
"1038",15,"VE_15","VE_30","DyadMl",0,0,0.5
"1039",132,"VE_25","VE_32","DyadMl",0.3501,0,0.8482
"1040",42,"VE_17","VE_26","DyadMl",0.1213,0,0.5
"1041",108,"VE_22","VE_32","DyadMl",0.2513,0,0.851
"1042",48,"VE_17","VE_32","DyadMl",0,0,0.5
"1043",145,"VE_28","VE_30","DyadMl",0.3087,0,0.7255
"1044",11,"VE_15","VE_26","DyadMl",0,0,0.5
"1045",7,"VE_15","VE_22","DyadMl",0,0,0.4956
"1046",14,"VE_15","VE_29","DyadMl",0,0,0.5302
"1047",121,"VE_24","VE_28","DyadMl",0.43,0,0.8754
"1048",98,"VE_21","VE_32","DyadMl",0.1962,0,0.6519
"1049",110,"VE_23","VE_25","DyadMl",0.5,0,0.6275
"1050",52,"VE_18","VE_22","DyadMl",0.3595,0,0.8535
"1051",151,"VE_30","VE_31","DyadMl",0.4212,0,0.8453
"1052",30,"VE_16","VE_29","DyadMl",0.2708,0,0.6634
"1053",86,"VE_20","VE_31","DyadMl",0.4956,0.0198,0.8447
"1054",9,"VE_15","VE_24","DyadMl",0,0,0.5126
"1055",68,"VE_19","VE_25","DyadMl",0.2132,0,0.6954
"1056",106,"VE_22","VE_30","DyadMl",0.5,0,0.8059
"1057",25,"VE_16","VE_24","DyadMl",0.4175,0,0.7102
"1058",21,"VE_16","VE_20","DyadMl",0.5,0.1247,0.7288
"1059",32,"VE_16","VE_31","DyadMl",0.4051,0,0.6437
"1060",2,"VE_15","VE_17","DyadMl",0.1246,0,0.6066
"1061",16,"VE_15","VE_31","DyadMl",0.0013,0,0.6534
"1062",122,"VE_24","VE_29","DyadMl",0.3418,0,0.6745
"1063",18,"VE_16","VE_17","DyadMl",0.2785,0,0.694
"1064",40,"VE_17","VE_24","DyadMl",0.5,0,0.8295
"1065",6,"VE_15","VE_21","DyadMl",0.2486,0,0.7975
"1066",96,"VE_21","VE_30","DyadMl",0.5,0,0.8439
"1067",135,"VE_26","VE_29","DyadMl",0.5,0.5,0.8639
"1068",17,"VE_15","VE_32","DyadMl",0.4869,0.0025,1
"1069",97,"VE_21","VE_31","DyadMl",0.437,0,1
"1070",45,"VE_17","VE_29","DyadMl",0.6007,0,1
"1071",104,"VE_22","VE_28","DyadMl",0.7081,0.5,1
